LD.2121A_T 34.5,44.1392,-69.0967
LD.5CORNRS 13.2T1 LD,42.249705,-72.535697
LD.5CORNRS 13.2T2 LD,42.249705,-72.535697
LD.ACUSHNET13.2,41.670892,-70.913653
LD.ADAMS   23,42.654671,-73.105972
LD.ADMIRAL 23,41.841648,-71.421239
LD.AGAWAM  13.8,42.090607,-72.635266
LD.ALEWIFE 13.8,42.391567,-71.143261
LD.ALLINGS 13.8,41.267147,-72.974009
UN.ALTRESCO13.8ALTR,42.45587,-73.21809
LD.AMES_ST 13.8,42.101401,-71.016738
LD.AMHERST 34.5,42.809003,-71.592836
LD.AMHRST  13.8EAST LD,42.373659,-72.507484
LD.AMHRST  13.8WEST LD,42.373659,-72.507484
LD.ANDREWSQ13.8110AC LD,42.329112,-71.058546
LD.ANDREWSQ13.8110BD LD,42.329112,-71.058546
LD.ANHEUSBH12.5,42.828673,-71.487222
LD.ANSONIA 13.8,41.347378,-73.085694
LD.ARSENE  13.2,41.639936,-70.875174
UN.ASCUTNEY46  ASCU,43.4011,-72.4195
LD.ASCUTNEY46,43.401128,-72.41952
LD.ASHBRNHM13.8,42.616864,-71.926728
LD.ASHCREEK13.8,41.156295,-73.234142
LD.ASHFIELD23,42.537639,-72.791151
UN.ASHLAND 34.5BRID,43.6913,-71.6377
LD.ASHLAND 34.5,43.691333,-71.637667
LD.AUGSTA_E34.5,44.329432,-69.746281
LD.AYER    69,42.565954,-71.592952
LD.BAIRD   13.81X_LD,41.185073,-73.144435
LD.BAIRD   13.82X_LD,41.185073,-73.144435
LD.BAKER_ST24.0,42.2804,-71.1691
LD.BALDWIN 13.8,41.524233,-73.039899
LD.BARBOURH23,41.853718,-72.527973
LD.BARNUM  13.8,41.198313,-73.126331
LD.BARRE   13.8,42.391484,-72.098985
UN.BARRE_VT34.5DODF,44.1943,-72.5225
UN.BARRE_VT34.5RYGT,44.1943,-72.5225
LD.BARRE_VT34.5,44.194315,-72.52246
LD.BARTH_ST115,42.509177,-70.974421
LD.BATES_RK13.8,41.503278,-73.236467
LD.BATES_ST13.8,41.680064,-71.168162
LD.BATH    34.5,43.903257,-69.834797
LD.BEACN_FL13.8,41.443639,-73.0688
LD.BEAN_HIL13.8,41.558993,-72.118571
UN.BEARSWMP13.8BSW1,42.6838,-72.9501
UN.BEARSWMP13.8BSW2,42.6838,-72.9501
AR.BEARSWMP13.8BSW1P,42.6838,-72.9501
AR.BEARSWMP13.8BSW2P,42.6838,-72.9501
LD.BEARSWMP13.8,42.683761,-72.950073
LD.BEAVR_PD13.8,42.074332,-71.424072
LD.BEDFORD 34.5,42.944541,-71.463114
LD.BEEBE   34.5,43.828167,-71.640167
LD.BELFAST 34.5,44.456941,-69.039047
UN.BELFAST 34.5GEOR,44.456939,-69.039047
UN.BELLNGHM13.2NE1A,42.091861,-71.483722
UN.BELLNGHM13.2NE1B,42.091861,-71.483722
UN.BELLWSFL6.9 BELL,43.1326,-72.4421
LD.BELLWSFL69,43.1326,-72.4421
LD.BELLWSFL46,43.1326,-72.4421
LD.BELLWSFL6.9,43.132576,-72.44211
UN.BELL_30321  BEL1,42.109256,-71.451785
UN.BELL_30321  BEL2,42.109256,-71.451785
LD.BELL_RK 34.5,41.737512,-71.086596
LD.BELMONT 13.8,42.06583,-71.054667
LD.BENINGTN46,42.881623,-73.172525
LD.BENINGTN69,42.881623,-73.172525
LD.BERKSHRE23,42.46907,-73.093301
UN.BERK_PWR21  BERK,42.0481,-72.6479
LD.BERLIN  13.8,41.631931,-72.723246
LD.BERLIN  23,41.631931,-72.753243
UN.BERLINVT34.5BERL,44.2498,-72.6034
UN.BERLINVT34.5MARH,44.2498,-72.6034
LD.BERLINVT34.5,44.249821,-72.60343
UN.BERLN_NH34.5GORH,44.463,-71.1797
UN.BERLN_NH22  BERP,44.463,-71.1797
UN.BERLN_NH13.8BURG,44.463,-71.18
UN.BERLN_NH34.5JERW,44.463,-71.1797
LD.BERLN_NH22,44.463007,-71.179669
LD.BERLN_NH34.5,44.463007,-71.179669
UN.BERLN_NH22  BRLB,44.463,-71.1797
AR.BERLN_NH22  BRLBD,44.463,-71.1797
LD.BEVERLY 13.2,42.545718,-70.88675
LD.BIDDEFRD34.5,43.467798,-70.492975
LD.BIDDEFRD12.5,43.4678,-70.493
LD.BIGELOW 34.5,45.101612,-70.353645
UN.BIGELOW 115 STRA,45.1016,-70.3536
LD.BILERCA 13.2T5 LD,42.5747,-71.2747
LD.BILERCA 13.2T6 LD,42.5747,-71.2747
LD.BILERCA 23  T1 LD,42.57474,-71.274748
LD.BILERCA 23  T2 LD,42.57474,-71.274748
UN.BINGHAM 34.5BNGW,45.160446,-69.389022
LD.BIRD_RD 13.8,42.05234,-71.177392
LD.BLACKBRN115 1X LD,41.733002,-71.443263
LD.BLACKBRN115 2X LD,41.733002,-71.443263
LD.BLACK_RK13.8,41.661957,-72.80545
LD.BLACK_RK4.8,41.661956,-72.80545
LD.BLACK_RK69,41.661956,-72.80545
LD.BLAIR_PD13.8,42.395599,-71.157303
LD.BLANFORD23,42.200308,-72.965451
LD.BLISVILL46,43.576178,-73.23302
UN.BLKSTONE21  BKS1,42.059589,-71.513654
UN.BLKSTONE21  BKS2,42.059589,-71.513654
LD.BLOMNGDL13.8,42.270277,-71.763752
LD.BLOOMFLD23,41.8287,-72.728447
LD.BOGGY_BK44,44.577217,-68.454008
LD.BOKUM   27.6,41.31832,-72.389936
LD.BOLT_HL 34.5,43.115985,-70.768928
LD.BOWMN_ST34.5,44.2545,-69.803508
UN.BPT_5CC 25  BHR5,41.167235,-73.181719
UN.BPT_ENER16  BHCC,41.1715,-73.1841
UN.BPT_RESC13.8BPTR,41.163018,-73.208328
LD.BRANCH  34.5,43.365673,-70.558619
LD.BRANCH  12.5,43.3658,-70.5586
UN.BRANFORD23  BRAN,41.2928,-72.7937
LD.BRANFORD23,41.292761,-72.793731
LD.BRANF_RR115,41.284039,-72.85377
LD.BRECKWOD13.8,42.115483,-72.523381
LD.BRENTWOD34.5,42.983679,-71.083817
LD.PEQUONCK13.8,41.172435,-73.184917
LD.BRIDGE_S4.16,42.7645,-71.453833
LD.BRIDGE_S34.5,42.7645,-71.453833
LD.BRIGHTON13.8,42.3573,-71.1318
UN.BRIGHTON13.8MAT1,42.3573,-71.1318
UN.BRIGHTON13.8MAT2,42.3573,-71.1318
LD.BRISTLRI12.5,41.694576,-71.268442
LD.BRISTOL 13.8,41.671226,-72.940231
LD.BRISTOL 4.8,41.671226,-72.940231
LD.BROADWAY13.8,41.314368,-72.933953
LD.BROKENGD34.5,43.23975,-71.512153
LD.BROOKLYN23,41.816754,-71.914692
LD.BROOK_ST23,41.9657,-70.7668
LD.BROWN_CR12.5,44.252946,-69.775017
LD.BUCKSPRT34.5,44.5752,-68.8063
UN.BUCKSPRT18.0BCK4,44.5752,-68.8063
LD.BUCK_PD 115,42.17557,-72.734481
LD.BUDDNGTN33.0,41.373997,-72.045789
UN.BULLSBDG27.6BULL,41.659,-73.4913
LD.BULLSBDG27.6,41.659038,-73.491288
UN.BULL_HL 34.5BLHW,44.722556,-68.163833
UN.BULL_HL 34.5HANW,44.722556,-68.163833
UN.BULL_HL 34.5WEVW,44.722556,-68.163833
LD.BUNKR_HL13.8,41.564016,-73.086446
LD.BURLNGTN13.8,42.475381,-71.214285
LD.BURTT_RD13.2,42.602824,-71.168607
LD.CAMPVILL27.6,41.737776,-73.086151
UN.CANAL   18.0CAN1,41.7697,-70.5097
UN.CANAL   18.0CAN2,41.7697,-70.5097
UN.CANAL   25  CAN3,41.769,-70.51
LD.CANAL_NU23,41.573472,-72.901919
LD.CANDLE  13.2,41.282491,-70.096499
LD.CANTN_BE13.8,42.157025,-71.154901
LD.CANTN_BE115,42.157024,-71.1549
LD.CANTON  23,41.8382,-72.926697
LD.CAPE    34.5,43.642438,-70.255069
UN.CAPE    13.2CAP4,43.6424,-70.2551
UN.CAPE    13.2CAP5,43.6424,-70.2551
LD.CARD    23,41.702382,-72.233552
LD.CARD    69,41.702382,-72.233552
LD.CARML_HL23,41.600985,-73.2411
LD.CARVR_ST13.8,42.35,-71.07
LD.CEDARHTS13.22X LD,41.106496,-73.555841
LD.CEDARHTS13.23X LD,41.106496,-73.555841
LD.CENTECH 13.8,42.255191,-71.690729
LD.CHALLENG34.5,44.068686,-70.186136
LD.CHALLENG12.5,44.0687,-70.1861
LD.CHARLOTT12.5,44.312436,-73.261424
LD.CHASE_HL12.5,41.412559,-71.769332
LD.CHATHAM 14.4,42.3595,-71.0549
LD.CHELSEA 13.8,42.3949,-71.0248
LD.CHELSEVT46,43.960862,-72.47096
UN.CHEMICAL115 PERC,44.739069,-68.824818
LD.CHESTER 34.5,42.936467,-71.237208
UN.CHICOPEE13.8FRST,42.1671,-72.5934
LD.CHICOPEE13.8,42.167113,-72.593426
LD.CHIPINHL13.8,41.682079,-72.986721
LD.CHRTLYPD23,41.944876,-71.237133
LD.CHSTERME46,45.39729,-68.525677
UN.CHSTERME46  WENF,45.3973,-68.5257
LD.CHSTNTHL34.5,42.797912,-72.482906
LD.CHURCHIL13.8,42.21943,-71.022097
LD.CLARKSON12.5T1 LD,41.843342,-71.420848
LD.CLARKSON12.5T2 LD,41.843342,-71.420848
LD.CLINTON 13.8,42.10463,-72.601004
UN.COBBLEMT69  COBB,42.117172,-72.865173
LD.COLBURN 13.8,42.331587,-71.110886
UN.COLBURN 13.8MAT3,42.3316,-71.1109
LD.COLD_RV 46,43.565193,-72.94568
LD.COLONY  13.8,41.498922,-72.811861
UN.COMERFRD34.5MCIN,44.3196,-71.9934
LD.COMERFRD34.5,44.31958,-71.993365
UN.COMERFRD13.8COM1,44.3196,-71.9934
UN.COMERFRD13.8COM2,44.3196,-71.9934
UN.COMERFRD13.8COM3,44.3196,-71.9934
UN.COMERFRD13.8COM4,44.3196,-71.9934
LD.COMPO   13.8,41.121315,-73.360748
UN.CONGRESS13.8BPFC,41.1824,-73.1868
LD.CONGRESS13.8,41.182419,-73.186785
UN.COOLIDGE34.5COLS,43.429247,-72.660032
LD.COOPERML12.5,44.297012,-69.556551
UN.COSCOB  13.8CC10,41.029,-73.5992
UN.COSCOB  13.8CC11,41.029,-73.5992
UN.COSCOB  13.8CC12,41.029,-73.5992
UN.COSCOB  13.8CC13,41.029,-73.5992
UN.COSCOB  13.8CC14,41.029,-73.5992
LD.COSCOB  27.6,41.029,-73.5992
LD.COSCOB  13.2,41.029,-73.5992
LD.COSCOB  26.4,41.029047,-73.599153
LD.CROSS_RD13.22X LD,41.6493,-71.0082
LD.CROSS_RD13.21X LD,41.6493,-71.0082
LD.CROWLEYS34.5,44.059499,-70.155111
LD.CROWLEYS12.5,44.0595,-70.15511
LD.CRYSTLSP13.2,41.673966,-70.832248
LD.CUMBRLND13.8,42.571615,-72.61729
LD.DARIEN  13.2,41.075818,-73.480485
UN.DARTMTH 13.8DART,41.673345,-70.999246
UN.DARTMTH 13.8DAR3,41.673345,-70.999246
LD.DAVISVIL34.5T1 LD,41.59247,-71.43523
LD.DAVISVIL34.5T2 LD,41.59247,-71.43523
LD.DEBLOIS 34.5,44.700424,-67.957027
UN.DEERFLD569  DFL5,42.684,-72.9498
UN.DEERFLD569  FIFE,42.684,-72.9498
LD.DEER_ISL115,42.3515,-70.9578
LD.DEPOT   13.8,42.129962,-71.517338
LD.DETROIT 34.5,44.792859,-69.362162
UN.DEVON   13.8DV10,41.208111,-73.106889
UN.DEVON   13.2DV11,41.208111,-73.106889
UN.DEVON   13.2DV12,41.208111,-73.106889
UN.DEVON   13.2DV13,41.208111,-73.106889
UN.DEVON   13.2DV14,41.208111,-73.106889
UN.DEVON   13.2DV15,41.208111,-73.106889
UN.DEVON   13.2DV16,41.208111,-73.106889
UN.DEVON   13.2DV17,41.208111,-73.106889
UN.DEVON   13.2DV18,41.208111,-73.106889
LD.DEVON_RR115,41.2074,-73.1068
LD.DEWAR_ST13.8110A LD,42.3086,-71.0555
LD.DEWAR_ST13.8110B LD,42.3086,-71.0555
UN.DEXTER  13.8DX1A,41.922387,-72.625379
UN.DEXTER  13.8DX1B,41.922387,-72.625379
LD.DEXTER  13.8,41.922387,-72.625379
LD.DEXTR_RI13.8,41.601817,-71.255393
UN.DIGHTON 115 DIGH,41.8162,-71.1361
LD.DIGHTON 13.8,41.816237,-71.136094
LD.DOOLEY  13.2,41.511341,-72.672415
UN.DOREEN  23  DORE,42.4439,-73.2061
LD.DOREEN  23,42.443886,-73.206102
LD.DOVER   34.5,43.198333,-70.864
LD.DOVER_BE13.8,42.2034,-71.254
LD.DRAGONCT115,44.083857,-69.158383
LD.DRUMROCK23,41.696685,-71.472958
LD.DRUMROCK12.5,41.6969,-71.473
LD.DUDLEY  34.5,41.536111,-72.102222
LD.DUDLEY  13.8,41.536111,-72.102222
LD.DUPONT  13.8,42.075411,-71.004349
LD.DUXBURY 23,42.054,-70.7223
LD.EASTON  13.8,42.030259,-71.115301
UN.EAST_AVE34.5MCNL,44.4808,-73.1884
UN.EAST_AVE13.8WINO,44.4808,-73.1884
LD.EAST_AVE13.8,44.480794,-73.18841
LD.EAST_AVE34.5,44.480794,-73.18841
UN.EDDY    34.5AMOS,43.0032,-71.4733
LD.EDDY    34.5,43.00317,-71.473301
UN.EDGAR   18.0ED1A,42.240587,-70.964997
UN.EDGAR   18.0ED1B,42.240587,-70.964997
LD.ELECTRIC13.8,42.356998,-71.555519
LD.ELLIS_AV14.4,42.207799,-71.18564
UN.ELLSWRTH34.5ELLS,44.543655,-68.430748
LD.ELLSWRTH34.5,44.543655,-68.430748
LD.ELM     23,42.127483,-72.744378
LD.ELM_ST  34.5,43.786536,-70.199093
LD.ELM_ST  12.5,43.7865,-70.1991
LD.ELM_WEST13.8,41.275855,-72.954382
LD.EMBDEN  12.5,45,-69.8844
LD.ENFIELD 23,41.936511,-72.614128
LD.ENFIELD 27.6,41.936513,-72.614125
UN.ENFLD_ME115 IND5,45.24575,-68.601833
UN.ESSEX   34.5ESSD,44.4813,-73.1133
UN.ESSEX   34.5GORG,44.4813,-73.1133
UN.ESSEX   34.5ESSH,44.4813,-73.1133
UN.ESSEX   34.5GORD,44.4813,-73.1133
LD.ESSEX   34.5,44.481282,-73.11332
LD.EVERETT 23,42.414697,-71.071919
LD.EVERETT 13.8,42.414697,-71.071919
LD.E_BEVRLY23  T1 LD,42.5643,-70.8498
LD.E_BEVRLY23  T2 LD,42.5643,-70.8498
LD.E_BEVRLY34.5T10 LD,42.56431,-70.849784
LD.E_BEVRLY34.5T20 LD,42.56431,-70.849784
LD.E_BRGWTR13.8,42.023805,-70.96649
LD.E_CAMBRG13.8,42.36294,-71.080518
LD.E_DRACUT13.2,42.66942,-71.252338
UN.E_FAIRFX34.5LLAM,44.6366,-72.9312
LD.E_FAIRFX34.5,44.636573,-72.93121
UN.E_FAIRFX34.5GMTW,44.636573,-72.93121
LD.E_HARTFR23,41.769375,-72.61676
LD.E_HOLBRK23  T1 LD,42.164692,-70.97948
LD.E_HOLBRK23  T2 LD,42.164692,-70.97948
LD.E_MAIN_S13.8,42.288699,-71.594617
LD.E_MERDEN13.8,41.510167,-72.752229
LD.E_METHUE13.2,42.744582,-71.167116
LD.E_NBRITN13.8,41.670152,-72.753868
UN.E_SHORE 22  NHHB,41.2883,-72.9047
UN.E_SHORE 13.8NHP2,41.28829,-72.90474
UN.E_SHORE 13.8NHP3,41.28829,-72.90474
UN.E_SHORE 13.8NHP4,41.28829,-72.90474
LD.E_SHORE 13.8,41.288289,-72.904739
LD.E_SPRFLD13.8,42.143106,-72.551285
LD.E_TEWKS 13.2,42.615492,-71.189802
LD.E_WEYMTH23  T1 LD,42.220118,-70.920455
LD.E_WEYMTH23  T2 LD,42.220118,-70.920455
LD.E_WINCHD13.8,42.672653,-72.021604
UN.FALMOUTH25  OAKB,41.5634,-70.6121
UN.FALMOUTH25  WTIS,41.5634,-70.6121
LD.FALMOUTH25,41.5634,-70.6121
UN.FALSVL  69  FALS,41.9564,-73.3691
LD.FALSVL  69,41.956424,-73.369054
LD.FARNPIKE12.5,41.901223,-71.53092
LD.FARNUM  23,41.98011,-71.521372
LD.FIELD_ST23  517-532,42.254165,-70.992156
LD.FIELD_ST23  517-533,42.254165,-70.992156
LD.FIELD_ST13.8517-533,42.254165,-70.992156
LD.FIELD_ST13.8517-532,42.254165,-70.992156
LD.FISHR_RD13.2,41.592213,-71.031635
LD.FITCH   27.6,41.1049,-73.4036
LD.FITCH_RD69,42.419861,-71.700768
UN.FLAGG_PD13.8PINE,42.5506,-71.8438
LD.FLAGG_PD69,42.550614,-71.843784
LD.FLANDERS23,41.361663,-72.210318
LD.FLAX_HL 27.6,41.0936,-73.4428
LD.FLAX_HL 13.8,41.093612,-73.442168
LD.FLORENCE13.8,42.330179,-72.683101
UN.FLORNCE 46  BLDN,43.7087,-73.0674
UN.FLORNCE 46  HNTG,43.7087,-73.0674
UN.FLORNCE 46  PROC,43.7087,-73.0674
LD.FLORNCE 46,43.708682,-73.06736
UN.FORESTVL13.8BRF,41.6636,-72.8957
LD.FORESTVL13.8,41.663605,-72.895721
LD.FORT_HIL34.5,41.470982,-72.112177
LD.FRAMNGHM13.8,42.268282,-71.398317
UN.FRAMNGHM13.8FMJ1,42.2683,-71.3983
UN.FRAMNGHM13.8FMJ2,42.2683,-71.3983
UN.FRAMNGHM13.8FMJ3,42.2683,-71.3983
LD.FREIGHT 13.8,41.554855,-73.053229
LD.FRENCHKG13.8,42.611222,-72.468266
LD.FRIVR_ME12.5,43.654347,-70.292566
LD.FRMNGTON23,41.741559,-72.793349
LD.FRNCONIA13.8,42.055279,-72.535929
UN.FRNKLNDR13.2FRDR,41.7996,-73.1166
LD.FRNKLNDR13.2,41.799557,-73.116562
UN.FRNKLNSQ13.810CC,41.8163,-71.4056
UN.FRNKLNSQ13.811CC,41.8163,-71.4056
UN.FRNKLNSQ13.89CC,41.8163,-71.4056
LD.FRNKLNSQ12.5,41.816349,-71.405645
LD.FRNKLNSQ11.5,41.816349,-71.405645
LD.FRYBROOK23,41.670702,-71.921524
LD.GALE_FRY69,41.433775,-72.07937
UN.GARVINS 34.5GARV,43.1625,-71.508
LD.GARVINS 34.5,43.1625,-71.508
LD.GEORGIA 34.5,44.7142,-73.1543
LD.GE_CO_14115 1X LD,42.455998,-73.218169
LD.GE_CO_14115 2X LD,42.455998,-73.218169
LD.GE_RIVER13.8,42.447204,-70.966377
LD.GLENBROK13.2,41.061443,-73.520494
LD.GOLDN_RK23,42.742592,-71.203519
LD.GOLDN_RK13.2,42.742592,-71.203519
LD.GOOSEFAR12,43.5168,-70.4438
LD.GRAFTON 69,42.191645,-71.742922
UN.GRAHAM  46  MLFH,44.824186,-68.705434
UN.GRAHAM  18.0MS1A,44.824186,-68.705434
UN.GRAHAM  18.0MS1B,44.824186,-68.705434
LD.GRAHAM  46,44.824186,-68.705434
LD.GREATBAY34.5,43.009167,-70.886833
LD.GREENDAL13.8,42.318134,-71.794372
LD.GREEN_HL23,41.319667,-72.596069
UN.GR_RIDGE16  GR1A,42.904778,-71.424
UN.GR_RIDGE16  GR1B,42.904778,-71.424
LD.GUILFORD34.5,45.160448,-69.389024
LD.GULFISLD34.5,44.151201,-70.208445
UN.GULFISLD34.5GULF,44.1512,-70.2084
LD.GUNN    23,42.236077,-72.685882
LD.HADDAM  23,41.460913,-72.476719
LD.HALVARSN345 SMDINTLD,41.2872,-72.902
LD.HANOVER 23  1690 LD,41.526533,-72.825468
LD.HANOVER 23  1355 LD,41.526533,-72.825468
LD.HANOVER 13.81690 LD,41.526531,-72.82547
LD.HANOVER 13.81355 LD,41.526531,-72.825469
UN.HARRIMAN6.9 HARR,42.7583,-72.93
LD.HARRIMAN6.9,42.75829,-72.930003
LD.HARRINGT34.5,44.6222,-67.7979
LD.HNDRSNVL13.8,42.3996,-71.0657
LD.JEPSON  13.8,41.546301,-71.278503
LD.JEPSON  69,41.546301,-71.278503
LD.JEPSON  23,41.546301,-71.278503
UN.CYRO_DR 34.5SANS,43.407639,-70.711167
LD.DUNNL_PK13.8,41.86554,-71.36562
UN.CANTRBRY34.5QNBS,41.738509,-71.924976
LD.ROCKNGHM13.2,42.77326,-71.22782
UN.FRMINGTN34.5FRMS,44.645614,-70.166099
LD.EMRLD_ST12.5,42.929667,-72.286
UN.WICKFORD34.5DB1S,41.5804,-71.4961
UN.WICKFORD34.5DB2S,41.5804,-71.4961
UN.WICKFORD34.5DB3S,41.5804,-71.4961
UN.WICKFORD34.5DB4S,41.5804,-71.4961
UN.WICKFORD34.5EXTS,41.5804,-71.4961
UN.IRNMN_HL34.5IM1S,41.956554,-71.520386
UN.IRNMN_HL34.5IM2S,41.956554,-71.520386
UN.IRNMN_HL34.5IM3S,41.956554,-71.520386
UN.IRNMN_HL34.5IM4S,41.956554,-71.520386
UN.CLIFTON 34.5SLVW,44.7773,-68.5234
UN.CLIFTON 34.5PSGW,44.7773,-68.5234
LD.RYNLD_AV115,41.885821,-71.195305
UN.HARRIS  13.2HAR4,45.4591,-69.8648
LD.HARRIS  13.2,45.459145,-69.864761
UN.HARRIS  13.2HAR1,45.4591,-69.8648
UN.HARRIS  13.2HAR2,45.4591,-69.8648
UN.HARRIS  13.2HAR3,45.4591,-69.8648
LD.HARRISON13.8,42.119134,-71.051305
UN.HARRNGTN13.2HARS,42.243009,-72.037197
LD.HARTFDVT46,43.683371,-72.31171
LD.HARTLAND12.5,44.835852,-69.476559
UN.HARTLAND12.5PITS,44.835853,-69.476562
LD.HARTWELL13.8,42.4704,-71.2575
LD.HARWICH 23,41.688313,-70.101002
LD.HATCHVIL23,41.618362,-70.554253
LD.HATHAWAY13.8,41.71582,-71.157643
LD.HATHAWAY23,41.71582,-71.157646
LD.HAWKINS 13.8110A LD,42.3621,-71.0612
LD.HAWKINS 13.8110B LD,42.3621,-71.0612
LD.HAWTHORN13.8,41.21369,-73.25171
UN.HIGHGATE46  SHEL,44.9407,-73.0513
LD.HIGHGATE46,44.940703,-73.05126
UN.HIGHGATE13.8SWC1,44.9407,-73.0513
UN.HIGHGATE13.8SWC2,44.9407,-73.0513
LD.HIGHLAND34.5,44.136436,-69.204287
LD.HIGH_ST 14.4510 LD,42.3537,-71.0556
LD.HIGH_ST 14.4511 LD,42.3537,-71.0556
LD.HILND_PK13.8,41.99363,-71.472661
LD.HNKLY_PD12.5,43.62777,-70.255648
LD.HOBRT_ST13.81X LD,42.221466,-70.905923
LD.HOBRT_ST13.82X LD,42.221466,-70.905923
LD.HOLLISTN13.8,42.2111,-71.425
LD.HOLYOKE 13.8,42.281183,-72.604673
UN.HOOSAC  69  HOSW,42.720943,-73.028287
LD.HOPEWELL23,41.680895,-72.555159
LD.HOPKINTN13.8,42.19052,-71.540324
LD.HOTEL_RD34.5,44.068334,-70.26717
LD.HOTEL_RD12,44.0683,-70.2672
UN.HUCKN_HL34.5GROW,43.782,-71.6584
LD.HUDSN_HD13.8,42.387245,-71.556353
LD.HUDSON  34.5,42.774333,-71.429
LD.HUSE_RD 34.5,42.953167,-71.430833
LD.HYANIS_J24.0,41.685252,-70.29837
LD.HYDE_PRK13.8110A,42.273645,-71.120502
LD.HYDE_PRK13.8110B,42.2736,-71.1205
LD.IBM     115 K21 LD,44.479406,-73.095458
LD.IBM     115 K24 LD,44.479406,-73.095458
UN.INDIAN  13.8DERB,41.3257,-73.1001
LD.INDIAN  13.8,41.325705,-73.100079
LD.INDSTLPK13.2,41.719416,-70.949246
LD.INGLESID13.8,42.170759,-72.646778
LD.INTERVAL34.5,44.092679,-71.152321
LD.IPSWICH 23,42.697596,-70.869305
LD.IRASBURG46,44.844693,-72.28423
UN.IRASBURG46  COV1,44.844692,-72.284233
UN.IRASBURG46  COV2,44.844692,-72.284233
UN.JACKMAN 34.5JACK,43.1122,-71.9257
LD.JACKMAN 34.5,43.112167,-71.925667
LD.JAY     115,44.505581,-70.241671
UN.JAY     13.8VCG1,44.5056,-70.2417
UN.JAY     13.8VCG2,44.5056,-70.2417
UN.JAY     13.8VCG3,44.5056,-70.2417
UN.JAY_VT  46  KCW,44.978444,-72.482611
LD.JAY_VT  46,44.978444,-72.482611
LD.JOHNSTON12.5,41.814454,-71.474959
UN.JOHNSTON23  JLF2,41.8145,-71.475
LD.JOHNSTON23,41.814454,-71.474959
UN.JOHNSTON23  JS1W,41.814453,-71.47496
UN.JOHNSTON23  JS2W,41.814453,-71.47496
UN.JOHNSTON23  JS3W,41.814453,-71.47496
UN.JOHNSTON23  JS4W,41.814453,-71.47496
UN.JOHNSTON23  JS5W,41.814453,-71.47496
UN.JOHNSTON23  JS6W,41.814453,-71.47496
UN.JOHNSTON23  JS7W,41.814453,-71.47496
LD.JUNE_ST 13.8,41.338303,-72.982367
LD.KEENE_RD46,45.397458,-68.529335
UN.KENDALL 18.0KEN4,42.3629,-71.0805
UN.KENDALL 13.8KDJ1,42.3629,-71.0805
UN.KENDALL 13.8KND3,42.3629,-71.0805
LD.KENDALL 13.8,42.36294,-71.080518
LD.KENTCNTY34.5,41.683257,-71.479465
LD.KENTCNTY12.5,41.6833,-71.4795
LD.KENYON  12.5,41.438468,-71.632259
UN.KIBBY   34.5KIBY,45.355389,-70.541611
LD.KILVERT 12.5,41.729505,-71.449789
LD.KIMBL_RD34.5,44.151944,-70.633889
LD.KINGSTON23,42.0054,-70.7564
LD.KING_ST 23,42.736454,-71.012063
UN.KLEEN   18.0KLEN,41.552944,-72.596722
LD.KNGSTNAB13.8110A LD,42.3529,-71.0603
LD.KNGSTNAB13.8110B LD,42.3529,-71.0603
LD.KNGSTNPS34.5,42.8936,-71.0836
LD.KNGSTNUT34.5,42.894,-71.0844
LD.K_STREET13.8,42.3387,-71.0397
LD.LACONIA 34.5,43.525153,-71.451983
LD.LAKEWOOD34.5,44.804816,-69.739139
UN.LAKEWOOD34.5WEST,44.8048,-69.7391
UN.LAKE_RD 21  LRD1,41.874821,-71.895971
UN.LAKE_RD 21  LRD2,41.874821,-71.895971
UN.LAKE_RD 21  LRD3,41.874821,-71.895971
UN.LAUREL  22  MID4,41.55459,-72.578162
UN.LAUREL  13.8MI12,41.55459,-72.578162
UN.LAUREL  13.8MI13,41.55459,-72.578162
UN.LAUREL  13.8MI14,41.55459,-72.578162
UN.LAUREL  13.8MI15,41.55459,-72.578162
LD.LAUREL_C13.8,42.531054,-71.670175
LD.LAWRENCE34.5,42.790874,-71.377718
LD.LEEDS_ME34.5,44.336103,-70.167289
UN.LENERGIA13.8LENR,42.631061,-71.312364
LD.LEWSTN_L12.5,44.0868,-70.2118
LD.LEXINGTN13.8,42.445149,-71.266294
LD.LIMEKILN34.5,44.4874,-73.1707
LD.LINCOLN 12.5,41.750416,-71.439098
LD.LINCOLNV34.5,44.306981,-69.114129
UN.LISBON  115 LISB,41.584147,-72.041268
LD.LITCHFLD13.8,42.508564,-71.745492
UN.LITTLRST13.2WRNS,42.163984,-72.192814
LD.LITTLRST13.2,42.163984,-72.192814
LD.LITTLTN 25,42.57086,-71.524129
LD.LONGHILL34.5,42.732333,-71.4525
UN.LOSTNATN34.5LOST,44.5942,-71.4943
LD.LOSTNATN34.5,44.594173,-71.494281
UN.LOUDEN  34.5NGOR,43.529,-70.5032
LD.LOUDEN  34.5,43.529042,-70.503201
UN.LOUDEN  34.5CATR,43.529,-70.5032
UN.LOUDEN  34.5SKEL,43.529,-70.5032
LD.LOVELL  34.5,44.121765,-70.888735
UN.LOWRDFLD69  LOWD,42.4792,-72.5963
LD.LOWRDFLD69,42.479239,-72.596342
UN.LUDDN_LN34.5SADW,44.4965,-70.337
UN.LUDDN_LN34.5CANW,44.496498,-70.336998
LD.LUDDN_LN34.5,44.4965,-70.3369
LD.LUDLOW  13.8,42.195587,-72.447711
UN.LVER-AEI115 LIVR,44.431785,-70.161694
LD.LVERMORE12.5,44.478414,-70.171825
LD.LYNDONVL34.5,44.53583,-72.00528
LD.LYNN    23,42.455049,-70.951692
LD.LYNN    13.8,42.455049,-70.951692
LD.MADBURY 34.5,43.1605,-70.931
UN.MADISON 115 MADH,44.781105,-69.913812
UN.MADISON 34.5MADB,44.781105,-69.913812
AR.MADISON 34.5MADBD,44.781105,-69.913812
LD.MADISON 34.5,44.781105,-69.913812
LD.MADISON 115,44.781105,-69.913812
LD.MAMOTHRD34.5,42.878574,-71.383318
LD.MANCHSTR23,41.771186,-72.558048
LD.MANOMET 23,41.91902,-70.577341
LD.MANSFLD 13.8,42.028428,-71.222198
LD.MAPLWOOD13.8,42.4316,-71.0386
LD.MARSHFEL23,42.080428,-70.695077
LD.MASHPEE 23,41.626446,-70.472609
LD.MASON   34.5,43.9912,-69.6713
LD.MAYNARD 13.8110A LD,42.436527,-71.430627
LD.MAYNARD 13.8110B LD,42.436527,-71.430627
LD.MBTA    14.4,42.338887,-71.033655
UN.MBTA    14.4MBTA,42.3389,-71.0337
LD.MEABROOK13.2,42.612205,-71.326172
LD.MEABROOK23,42.612205,-71.326171
LD.MEADOWST69,42.2386,-72.0101
LD.MEADW_RD34.5,44.175534,-69.121304
LD.MEDWAY  13.8,42.136506,-71.447557
UN.MEDWAY  13.8WMJ4,42.136505,-71.447555
UN.MEDWAY  13.8WMJ5,42.136505,-71.447555
UN.MEDWAYJ313.8WMJ3,42.136586,-71.447523
LD.MELROSE 13.8,42.469644,-71.050499
LD.MELROSE 23,42.469644,-71.050499
LD.MEMORIAL13.8,42.1955,-72.5756
UN.MERIMACK13.8CT-1,43.1406,-71.4702
UN.MERIMACK13.8CT-2,43.1406,-71.4702
UN.MERIMACK13.8MK1,43.1406,-71.4702
UN.MERIMACK23  MK2,43.1406,-71.4702
LD.ATHENSME12.5,44.944722,-69.65925
UN.ATHENSME12.5ATHN,44.944722,-69.65925
LD.ME_YK   13.2,43.953613,-69.695511
LD.MICHL_AV13.2,43.265983,-72.394038
LD.MIDDLEST34.5,44.1011,-70.218734
LD.MIDDLEST12.5,44.1011,-70.218734
UN.MIDDLEST34.5MONY,44.1011,-70.218734
UN.MIDDLESX34.5MSX2,44.2891,-72.6793
UN.MIDDLESX34.5BOLT,44.2891,-72.6793
UN.MIDDLESX34.5WATR,44.2891,-72.6793
LD.MIDDLESX34.5,44.289091,-72.67926
UN.MIDDLETN115 MI10,41.55459,-72.578162
UN.MIDDLETN13.2MID2,41.55459,-72.578162
UN.MIDDLETN20.9MID3,41.55459,-72.578162
LD.MIDDLTON115,42.629475,-71.048713
LD.MIDDL_ST13.8T1 LD,42.1559,-71.007
LD.MIDDL_ST13.8T2 LD,42.1559,-71.007
LD.MIDLBORO14.4,41.89138,-70.903745
LD.MIDLEBRY46,44.014308,-73.1336
LD.MIDLE_RV13.8,41.403904,-73.489234
LD.MIDWAY  13.8,42.2873,-72.6182
UN.MILFD_CT21  MFD1,41.227738,-73.098908
UN.MILFD_CT21  MFD2,41.227738,-73.098908
UN.MILFORD 13.8MILF,42.129896,-71.511665
UN.MILLBURY13.8WMIM,42.1881,-71.7376
LD.MILLBURY13.8,42.188052,-71.73759
LD.MILLBURY69,42.188052,-71.73759
UN.MILLENUM16  MILN,42.113389,-72.015333
LD.MILL_PD 12.5,43.070343,-70.803573
LD.MILL_RV 13.8,41.308173,-72.908367
LD.MILL_ST 13.8,41.995483,-70.938088
UN.MILSTONE24.0MIL2,41.314877,-72.165371
UN.MILSTONE24.0MIL3,41.314877,-72.165371
LD.MILSTONE345,41.314877,-72.165371
LD.MILVON  13.8,41.2123,-73.0809
LD.MINK    13.8,41.790397,-71.330377
LD.MINK    23,41.790397,-71.330375
LD.MIX_AVE 13.8,41.372077,-72.923805
LD.MONADNCK34.5,42.829667,-72.167167
LD.MONMOUTH12,44.18893,-69.99363
LD.MONMOUTH34.5,44.18893,-69.99363
UN.MONTAGUE13.8CABT,42.5873,-72.5774
UN.MONTAGUE13.8TURN,42.5873,-72.5774
LD.MONTAGUE13.8,42.587307,-72.57738
UN.MONTVLLE69  MO10,41.428908,-72.104379
UN.MONTVLLE13.8MON5,41.428908,-72.104379
UN.MONTVLLE22.0MON6,41.428908,-72.104379
LD.MOORE   13.8,44.329094,-71.88435
UN.MOORE   13.8MOR1,44.3291,-71.8844
UN.MOORE   13.8MOR2,44.3291,-71.8844
UN.MOORE   13.8MOR3,44.3291,-71.8844
UN.MOORE   13.8MOR4,44.3291,-71.8844
UN.MOORE   13.8MOR5,44.3358,-71.875297
LD.MOSHERS 34.5,43.683585,-70.399428
LD.MOSHERS 12.5,43.6836,-70.3994
LD.MOSHER_T115,44.92327,-72.441566
LD.MT_SUPP 13.8,43.684012,-72.273908
LD.MUSSEYRD34.5,43.621858,-70.330357
LD.MYSTC_NU13.8,41.3665,-71.9603
LD.MYSTC_NU34.5,41.366467,-71.960267
UN.MYSTIC  18.1MYS8,42.3901,-71.0699
UN.MYSTIC  18.1MYS9,42.3901,-71.0699
LD.MYSTIC  24.0,42.3901,-71.0699
LD.MYSTIC  13.8,42.3901,-71.0699
LD.M_WEYMTH13.8,42.201954,-70.953698
LD.NASHUA  13.8,42.284143,-71.799189
LD.NASNVILL13.8,41.974214,-71.609791
LD.NEEDHAM 13.8,42.2717,-71.2394
LD.NEWCASTL34.5,44.082897,-69.557984
LD.NEWFANE 46,42.8679,-72.6525
UN.NEWINGTN24.0NEWI,43.0982,-70.7923
LD.NEWNGTON23,41.717601,-72.750861
LD.NEWTON  13.8,42.317321,-71.211652
LD.NEWTOWN 13.8,41.391186,-73.290031
UN.NEW_ENER18.0NEWE,43.105382,-70.806023
LD.NEW_HAVN46,44.121351,-73.16348
LD.NE_SIMSB23,41.90839,-72.792046
UN.NE_SIMSB23  DWWS,41.90839,-72.792046
LD.NLONDNCT115,41.355831,-72.099571
LD.NMARLBRO13.8,42.362908,-71.600765
LD.NOERA_ST13.8,41.565905,-73.025163
UN.NORTHFLD13.8NFD4,42.611139,-72.468472
UN.NORTHFLD13.8NFD1,42.611139,-72.468472
UN.NORTHFLD13.8NFD2,42.611139,-72.468472
UN.NORTHFLD13.8NFD3,42.611139,-72.468472
AR.NORTHFLD13.8NFD1P,42.611139,-72.468472
AR.NORTHFLD13.8NFD2P,42.611139,-72.468472
AR.NORTHFLD13.8NFD3P,42.611139,-72.468472
AR.NORTHFLD13.8NFD4P,42.611139,-72.468472
UN.NORTH_RD34.5HEMP,43.3916,-72.099
UN.NORTH_RD34.5LEMP,43.3916,-72.099
LD.NORTH_RD34.5,43.391647,-72.099039
UN.NORWALK 27.6NOR1,41.127,-73.4281
UN.NORWALK 27.6NOR2,41.127,-73.4281
UN.NORWALK 27.6NOR3,41.127,-73.4281
LD.NORWALK 27.6,41.127026,-73.428095
LD.NORWALK 13.8,41.127026,-73.428095
LD.NORWALK 4.8,41.127026,-73.428095
LD.NORWAY  34.5,44.207224,-70.528241
LD.NORWAY  12.5,44.2072,-70.5282
LD.NORWELL 13.8,42.177824,-70.802218
LD.NORWOOD 13.8,42.2038,-71.2534
LD.NRTHBORO69,42.315274,-71.571518
LD.NW_HARTF23,41.783124,-72.704809
LD.N_ABNGTN13.8,42.126359,-70.93462
LD.N_ATTLEB13.8T1_LD,41.9522,-71.2985
LD.N_ATTLEB13.8T2T3_LD,41.9522,-71.2985
LD.N_AUGSTA12.5,44.363549,-69.797955
LD.N_AUGSTA34.5,44.3635,-69.798
LD.N_BLOOM 23,41.892308,-72.757139
LD.N_CANAL 13.8,42.1998,-72.5972
UN.N_CANAL 34.5HADL,42.1998,-72.5972
LD.N_CANAL 34.5,42.1998,-72.5972
LD.N_CHELM 23,42.636433,-71.377503
LD.N_DRACUT13.2,42.688346,-71.310003
LD.N_FERRIS12.5,44.253367,-73.256215
LD.N_HAVEN 13.8,41.414767,-72.842966
LD.N_KEENE 12.5,42.9437,-72.3
LD.N_LONDON12.5,41.7092,-71.5038
LD.N_OXFORD13.2,42.152997,-71.881565
UN.N_OXFORD13.2FRS,42.152996,-71.881561
LD.N_QUINCY13.8,42.278634,-71.033065
LD.N_READNG13.8,42.567115,-71.09843
UN.N_RUTLND46  RUT5,43.6341,-72.9727
LD.N_RUTLND46,43.634119,-72.97274
LD.N_WALFRD13.8,41.491925,-72.762128
LD.N_WOBURN13.8110A LD,42.5089,-71.1268
LD.N_WOBURN13.8110B LD,42.5089,-71.1268
LD.N_WODSTK34.5,44.01134,-71.676967
UN.OAKFIELD34.5OAKW,46.050639,-68.051917
UN.OAK_HILL34.5CONC,43.2766,-71.5436
LD.OAK_HILL34.5,43.276573,-71.543591
LD.OAK_ST  23,41.687063,-70.349858
LD.OCEAN_RD34.5,43.0425,-70.815
UN.OCEAN_ST13.8OSP1,42.010241,-71.673715
UN.OCEAN_ST13.8OSP2,42.010241,-71.673715
LD.OLD_BAPT12.5T1 LD,41.609735,-71.477442
LD.OLD_BAPT12.5T2 LD,41.609735,-71.477442
LD.OLD_TOWN13.8,41.224362,-73.216803
LD.ORCHARD 13.8,42.160409,-72.508607
LD.ORLEANS 24.0,41.780333,-69.999087
LD.OSWALD  23,42.437235,-73.287714
LD.OTIS    23,41.7189,-70.579
LD.OXFORD  13.8,41.465949,-73.132854
LD.P&WAIRCT115,41.540502,-72.563592
LD.PALMER  23,42.1452,-72.303
LD.PALMER  13.2,42.145189,-72.302957
LD.PALMER  69,42.145189,-72.302957
UN.PARIS   34.5GRPW,44.703776,-71.292318
LD.PARKVIEW13.8,42.1027,-71.073148
LD.PARK_ST 34.5,44.10229,-69.122811
LD.PARTRIDG23,42.487408,-73.216587
UN.PARTRIDG23  BRKW,42.487408,-73.216587
UN.PARTRIDG23  BR2W,42.487408,-73.216587
UN.PASADMKG34.5PASW,45.03675,-68.589889
LD.PAVEPAWS23,41.766478,-70.558105
LD.PAWTUCKT13.8,41.86732,-71.381789
LD.PAXTON  115,42.29139,-71.945472
LD.PEACABLE13.8,41.268204,-73.429966
LD.PELHAM  13.2,42.736647,-71.309837
UN.PEMIGWAS34.5AYER,43.597,-71.7098
LD.PEMIGWAS34.5,43.597,-71.709833
UN.PERRY_ST13.8BOOT,42.6384,-71.3021
LD.PERRY_ST13.8,42.638442,-71.302053
LD.PHILIPD 23,41.845075,-71.366839
LD.PHILP_LN13.8,42.114321,-70.870995
UN.PIERCE  13.8ALP,41.4473,-72.8343
LD.PINEHILL34.5,43.056534,-71.444301
LD.PINEHRST13.2,42.539149,-71.216565
LD.PINESHED13.8,42.2472,-72.5901
LD.PINE_ST 13.2,41.6297,-70.920917
LD.PIPER   13.8,42.138754,-72.640657
LD.PLAINFLD23,42.522244,-72.913619
LD.PLAIN_ST13.8,42.197237,-70.999255
LD.PLEASANT23,42.285092,-73.240646
UN.PLNFIELD13.8PLFD,41.670944,-71.921306
LD.PLSNT_HL34.5,43.598188,-70.294114
LD.PLSNT_HL12.5,43.598342,-70.294053
LD.PLUMTREE13.8,41.3917,-73.4021
LD.PLYMOUTH13.8,42.100485,-70.926109
LD.PODICK  13.8,42.424545,-72.536904
LD.PONDVIL 69,42.196974,-71.821028
LD.PONTIAC 12.5,41.735838,-71.455421
UN.PONTOOK 34.5PONT,44.617944,-71.226083
LD.POOTATCK13.8,41.316486,-73.093162
LD.PORTLAND23,41.563839,-72.575768
LD.PORTSMTH34.5,43.09736,-70.786033
UN.POTTER  13.8POT2,42.233963,-70.967648
UN.POTTER  13.8WAT1,42.233963,-70.967648
UN.POTTER  13.8WAT2,42.233963,-70.967648
UN.POWERSVL115 GNRT,45.618,-68.578306
LD.POWERSVL115,45.618,-68.578306
UN.POWERSVL115 MLNB,45.659599,-68.710098
AR.POWERSVL115 MLNBD,45.659599,-68.710098
LD.PRATT&W 115,43.310667,-70.725332
LD.PRAT_J  13.8,42.471594,-71.737794
LD.PRID_CRN34.5,43.710166,-70.338813
UN.PRID_CRN34.5SWBK,43.7102,-70.3388
LD.PRID_CRN12.5,43.7102,-70.3388
LD.PROSPCT 69  V-22S-3LD,42.538714,-71.73821
LD.PROSPCT 69  U-21S-3LD,42.538714,-71.73821
LD.PUDDLDCK34.5,44.331467,-69.854102
LD.PUTNAM  13.8,42.3604,-71.1141
UN.PUTNAMRD34.5DFLW,42.884049,-72.974544
LD.PUTNM_PK12.5,41.866852,-71.522176
LD.QUAKR_HL34.5,43.288114,-70.742779
UN.QUEENCTY13.8BURL,44.4456,-73.2187
LD.QUEENCTY34.5,44.445613,-73.21874
LD.QUEENCTY13.8,44.445613,-73.21874
LD.QUINNIPC13.8,41.317965,-72.877524
UN.RAILYARD23  MARB,42.5135,-70.8969
LD.RAILYARD23,42.513543,-70.896953
LD.RAILYARD13.8,42.513543,-70.896953
LD.RAYMOND 34.5,43.944116,-70.494726
LD.RAYNHAM 13.8,41.9721,-71.017
LD.RCHSTER 34.5,43.307833,-70.997667
LD.RDSFERRY34.5,42.871667,-71.487667
LD.READING 34.5,42.5089,-71.1264
LD.READING 13.8,42.5089,-71.1264
LD.READ_ST 13.2,41.914342,-71.342372
LD.READ_ST 23,41.914341,-71.342369
LD.READ_ST 69,41.914341,-71.342369
LD.REDBROOK34.5,43.631194,-70.339521
UN.RESCOS  115 RESC,42.446929,-70.979436
LD.RESITNCE34.5,43.0929,-70.7787
LD.REVERE  23,42.402715,-71.007804
LD.RIDGEFLD13.82X LD,41.283092,-73.487511
LD.RIDGEFLD13.83X LD,41.283092,-73.487511
UN.RIDGEWOD13.8RIDG,41.8035,-71.5238
LD.RILEY   12.5,44.507355,-70.247713
LD.RIMMON  34.5,43.005707,-71.503948
UN.RISE    18.0RISE,41.80259,-71.51691
LD.RIVERSDE23  1X LD,41.747578,-72.642787
LD.RIVERSDE23  3X LD,41.747578,-72.642787
LD.ROCHESTR13.2,41.738416,-70.850095
LD.ROCKVILE13.8,41.866783,-72.464035
LD.ROCKVILE27.6,41.866783,-72.464038
LD.ROCKY_HL23,41.652715,-72.669137
UN.ROCKY_RV13.8ROCK,41.5827,-73.4342
LD.ROCKY_RV13.8,41.582662,-73.434252
AR.ROCKY_RV13.8ROCKP,41.5827,-73.4342
UN.ROCKY_RV13.8KIMB,41.5827,-73.4342
LD.ROLF_AVE13.8,42.274102,-71.735551
LD.ROLF_AVE69,42.274102,-71.735551
UN.ROLF_AVE69  SHRW,42.274111,-71.735556
UN.ROLLINS 34.5ROLL,45.404111,-68.364722
LD.ROOD_AVE23,41.828517,-72.668894
LD.ROXBURY 34.5,44.627762,-70.596375
UN.ROXBURY 34.5AZIS,44.627762,-70.596375
UN.ROXBURY 34.5RCHW,44.627762,-70.596375
UN.ROXBURY 34.5ROXW,44.627761,-70.596374
UN.RUMFD_FL11.5RUMH,44.550981,-70.543197
UN.RUMFD_FL11.5RFRB,44.550598,-70.543197
AR.RUMFD_FL11.5RFRBD,44.550598,-70.543197
UN.RUMFD_IP18.0RUMF,44.5318,-70.5229
LD.RUMFD_IP34.5,44.531793,-70.522901
LD.RUMFORD 12.5,44.537316,-70.544609
LD.RVERSIDE13.8,42.004104,-71.507864
LD.SACKETT 13.8,41.363418,-72.887072
LD.SACO_VLY34.5,44.007544,-71.087803
LD.SALEM   23,42.526721,-70.876853
UN.SALEM   18.0SAL5,42.526721,-70.876854
UN.SALEM   18.0SAL6,42.526721,-70.876854
LD.SALISBRY69,41.921869,-73.464992
LD.SANDWICH24.0,41.7175,-70.4663
LD.SANDY_HK23,41.383269,-73.219923
LD.SANDY_PD345 SMDINTLD,42.568474,-71.527734
LD.SANDY_PD23,42.570821,-71.524022
LD.SANFORD 34.5,43.428833,-70.734583
LD.SASCOCRK115,41.124323,-73.307865
LD.SAXONVIL13.8,42.335815,-71.392707
UN.SCHILLER115 SCH4,43.097306,-70.786333
UN.SCHILLER115 SCH5,43.097306,-70.786333
UN.SCHILLER115 SCH6,43.097306,-70.786333
UN.SCHILLER115 SCHC,43.097306,-70.786333
LD.SCHILLER115,43.097309,-70.78633
LD.SCITICO 23,41.97885,-72.510182
UN.SCITICO 34.5NUMS,41.977454,-72.502665
LD.SCITUATE13.8,42.19786,-70.761421
LD.SCOBIE  12.5,42.903667,-71.340333
LD.SCOTIA  13.8,42.346778,-71.085877
UN.SAPHINCK115 SAPI,44.7036,-69.6463
LD.SAPHINCK115,44.703615,-69.646317
UN.SEABROOK24.5SBRK,42.8987,-70.8507
LD.SEAFOOD 13.8,42.348044,-71.032889
UN.SEARS   69  SEAR,42.870862,-72.925162
LD.SEARS   69,42.870862,-72.925162
UN.SECREC  69  SECR,41.47501,-72.06868
UN.SEMASS  13.8SEM1,41.805743,-70.78215
UN.SEMASS  13.8SEM2,41.805743,-70.78215
LD.SEWAL_ST34.5,43.654549,-70.292993
LD.SEWAL_ST12.5,43.6545,-70.293
UN.SHAWINGN13.8MPWR,42.158417,-72.537139
LD.SHAWS_HL13.8,41.591583,-73.068032
UN.SHEFIELD34.5SHEF,44.663639,-72.122972
LD.SHELBURN12.5,44.383253,-73.238752
UN.SHEPAUG 69  SHEP,41.4489,-73.2944
LD.SHEPAUG 69,41.448858,-73.294378
LD.SHERBORN13.8,42.2569,-71.4111
UN.SHERMAN 115 SHER,42.721672,-72.950432
LD.SHERWOOD13.8,41.1415,-73.3579
LD.SHUNOCK 13.8,41.41256,-71.846337
UN.SHUNOCK 13.8NSTS,41.41256,-71.846337
LD.SHUNPIKE13.2,41.8167,-71.4833
LD.SILVER  13.8,42.060987,-72.641054
LD.SLAYTNHL13.8,43.63253,-72.286627
UN.SMITH_HY6.9 SMTH,44.47084,-71.176932
LD.SNOW_ST 13.2T1 LD,42.082848,-72.031925
LD.SNOW_ST 13.2T2 LD,42.082848,-72.031925
UN.SNOW_ST 13.2DH1S,42.082848,-72.031925
UN.SNOW_ST 13.2DH2S,42.082848,-72.031925
UN.SNOW_ST 13.2DH3S,42.082848,-72.031925
UN.SNOW_ST 13.2DH4S,42.082848,-72.031925
LD.SOKANSET23  T1 LD,41.754298,-71.440401
LD.SOKANSET23  T2 LD,41.754298,-71.440401
LD.SOMERVIL13.8,42.40429,-71.09964
LD.SONO    13.8,41.09069,-73.42579
LD.SOTHNGTN13.8,41.587386,-72.867116
LD.SOUTHEND13.2,41.048059,-73.537578
LD.SOUTHWCK23,42.014862,-72.794777
LD.SO_HERO 13.2,44.666996,-73.33863
LD.SPEEN_ST13.8,42.3116,-71.3884
LD.SPRNG_ST34.5,43.651678,-70.360151
UN.SPRNG_ST34.5PTRR,43.6517,-70.3602
LD.SPRNG_ST12.5,43.651678,-70.360151
LD.STALBANS34.5,44.80441,-73.09893
LD.STAPLES 13.8,41.980681,-71.445857
LD.STCKHOSE13.8,41.571753,-72.144148
LD.STEPSTON23,41.320736,-72.697724
LD.STERLING13.8,42.451938,-71.737354
UN.STETSON 34.5STET,45.483639,-67.993639
UN.STETSON 34.5STE2,45.483639,-67.993639
UN.STEVENSN6.9 STEV,41.3825,-73.1707
LD.STEVENSN27.6,41.382502,-73.170669
LD.STICKNEY34.5,44.2381,-69.3816
LD.STJHNSBY34.5,44.417915,-71.9839
UN.STONYBRK4.16STBS,42.1978,-72.5106
UN.STONYBRK13.2ST2A,42.197964,-72.508501
UN.STONYBRK13.2ST2B,42.197964,-72.508501
UN.STONYBRK13.2ST1A,42.197964,-72.508501
UN.STONYBRK13.2ST1B,42.197964,-72.508501
UN.STONYBRK13.2ST1C,42.197964,-72.508501
LD.STONY_HL13.8,41.434368,-73.387896
LD.STOUGHTN13.8,42.117453,-71.096225
LD.STOWE   34.5,44.465439,-72.687416
LD.STURTVNT34.5,44.655163,-70.127441
LD.STURTVNT12.5,44.6552,-70.1274
LD.SUDBURY 13.8,42.360034,-71.397024
LD.SWANSEA 13.8,41.749033,-71.210579
LD.SWANZEY 12.5,42.873369,-72.317773
LD.SW_HARTF23,41.750937,-72.711947
UN.SYKES_RD13.8FLRV,41.7404,-71.1159
LD.SYKES_RD13.8,41.740386,-71.115902
UN.S_BROADW23  LAWH,42.6952,-71.1617
LD.S_BROADW23,42.695243,-71.161687
LD.S_DANVRS115,42.586339,-70.97209
UN.S_MEADOW13.8SO11,41.7501,-72.6531
UN.S_MEADOW13.8SO12,41.7501,-72.6531
UN.S_MEADOW13.8SO13,41.7501,-72.6531
UN.S_MEADOW13.8SO14,41.7501,-72.6531
UN.S_MEADOW11.5SOM5,41.7501,-72.6531
UN.S_MEADOW11.5SOM6,41.7501,-72.6531
LD.S_MEADOW23,41.750102,-72.653076
LD.S_MILFRD34.5,42.820171,-71.644163
LD.S_NAUGTK13.8,41.474462,-73.056529
LD.S_RANDOL13.8,42.154528,-71.042662
LD.S_WINDSR13.8,41.840157,-72.60099
LD.S_WRENTM23,42.030002,-71.349249
LD.TAFTS_CR34.5,44.44015,-73.11175
LD.TAFTS_CR12.5,44.44015,-73.11175
UN.TAMWORTH115 TAMW,43.828946,-71.200606
LD.TASKERFM34.5,43.4522,-71.0147
LD.TEWKSBRY13.8,42.622765,-71.242223
LD.THOMASTN13.8,41.675177,-73.06957
LD.THORNDIK13.2,42.198973,-72.344617
LD.THORNTON34.5,42.82404,-71.48173
LD.TILLSON 13.8,42.3972,-72.5058
LD.TIMBER  34.5,42.9864,-70.8529
UN.TIVERTON18.0TIVR,41.6438,-71.1842
LD.TIVERTON12.5,41.643771,-71.184186
LD.TODD    13.8,41.572664,-72.975381
LD.TOMAC   27.6,41.034022,-73.563337
LD.TOPSHAM 34.5,43.940222,-69.970944
UN.TOPSHAM 34.5BRUN,43.9402,-69.9709
UN.TOPSHAM 34.5MILR,43.9402,-69.9709
UN.TOPSHAM 34.5PEJE,43.9402,-69.9709
UN.TORRNGTN69  TT10,41.7764,-73.1208
LD.TORRNGTN115,41.776369,-73.120773
UN.TOWANTIC18.0TO1A,41.4837,-73.1221
UN.TOWANTIC18.0TO1B,41.4837,-73.1221
LD.TOWER_HL13.0,41.548801,-71.471461
LD.TRACY   23,41.883936,-71.890417
UN.TRACY   23  WODS,41.883937,-71.890419
LD.TRAPELO 13.8,42.4143,-71.2523
LD.TRAPFALS13.8,41.267137,-73.117956
UN.TREASURE24.0SOLS,42.320333,-71.984972
LD.TREASURE13.8,42.32034,-71.98497
LD.TREMONT 23,41.801479,-70.764291
LD.TRENTON 34.5,44.438907,-68.374562
LD.TRIANGLE13.8,41.393674,-73.435225
LD.TRUMBULL13.8,41.232463,-73.160692
LD.TUNK    34.5,44.544019,-68.108832
UN.TUNNEL  69  NORJ,41.555,-72.0427
LD.TUNNEL  69,41.554998,-72.04274
UN.TUNNEL  69  WWTP,41.555,-72.0427
LD.TUNNEL  23,41.554998,-72.04274
UN.TUNNEL  23  FSNS,41.554996,-72.042739
UN.TUNNEL  23  TUNN,41.555,-72.0427
LD.UNCASVIL27.6,41.4292,-72.1164
LD.UNCASVIL13.21X LD,41.429158,-72.116371
LD.UNCASVIL13.22X LD,41.429158,-72.116371
LD.UNION   34.5,44.2162,-69.2832
LD.UNION_AV115,41.29751,-72.95661
LD.UNION_ST13.8,42.059705,-71.398146
LD.UXBRIDGE13.8,42.074168,-71.6224
LD.VALLEY  13.8,41.913028,-71.38474
LD.VALLEY  23,41.913,-71.3847
UN.VALLEYNB23  FGW,41.782901,-70.601318
LD.VALLEYNB23,41.782901,-70.601315
LD.VALLY_LN34.5,43.5195,-70.4121
UN.VERGENNE34.5VRGH,44.1791,-73.2494
UN.VERGENNE34.5VERD,44.1791,-73.2494
LD.VERGENNE34.5,44.179094,-73.24935
UN.VERNON  69  VERN,42.7716,-72.5152
LD.VERNON  69,42.771566,-72.515227
LD.VERNONHL13.8,42.238546,-71.795445
LD.VERNONRD46,42.7716,-72.5153
LD.VERNONRD69,42.8377,-72.551
LD.WACHUS  69,42.360399,-71.776021
LD.WAKEFLD 13.8,42.4718,-71.0454
LD.WALLACE 13.8,42.5465,-71.0604
UN.WALNGFRD13.8WAL1,41.4473,-72.8343
UN.WALNGFRD13.8WAL2,41.4473,-72.8343
UN.WALNGFRD13.8WAL3,41.4473,-72.8343
UN.WALNGFRD13.8WAL4,41.4473,-72.8343
UN.WALNGFRD13.8WAL5,41.4473,-72.8343
LD.WALNGFRD13.8,41.447261,-72.834292
UN.WALNGFRD13.8WAL6,41.447261,-72.834289
UN.WALNGFRD13.8WAL7,41.448618,-72.834289
LD.WALPOLE 14.4,42.1301,-71.2566
LD.WALTHAM 13.8,42.377984,-71.263032
LD.WAMPNOAG12.5,41.802269,-71.348391
UN.WARD_HIL23  OGD,42.7443,-71.1141
UN.WARD_HIL23  RESN,42.7443,-71.1141
LD.WARD_HIL13.2,42.744262,-71.114078
LD.WARD_HIL23,42.744262,-71.114078
LD.WARE    69,42.274618,-72.215055
UN.WAREHAM 23  WA1S,41.788101,-70.692199
UN.WAREHAM 23  WA2S,41.788101,-70.692199
UN.WAREHAM 23  WA3S,41.788101,-70.692199
UN.WAREHAM 23  WA4S,41.788101,-70.692199
LD.WAREHAM 23,41.7881,-70.6922
LD.WARREN  12.5T1 LD,41.733937,-71.280987
LD.WARREN  12.5T2 LD,41.733937,-71.280987
LD.WARREN  23  T5 LD,41.733937,-71.280987
LD.WARREN  23  T6 LD,41.733937,-71.280987
LD.WASHNGTN34.5,44.675552,-67.546241
UN.WASHNGTN34.5IND6,44.675552,-67.546241
LD.WATERBOR12.5,43.576792,-70.695793
UN.WATERBRY13.8WBRY,41.544174,-73.041687
LD.WATERFRD23,41.3765,-72.1895
UN.WATERFRD23  WFDS,41.3765,-72.1895
UN.WATERSDE13.8WTSD,41.0375,-73.5552
LD.WATERSDE13.2,41.037548,-73.555246
LD.WATERTWN13.8,42.36515,-71.179307
UN.WATER_RV23  W_J1,42.5436,-70.9287
UN.WATER_RV115 W_J2,42.5436,-70.9287
LD.WATER_RV23,42.543552,-70.928684
UN.WATER_RV13.8WRGT,42.5436,-70.9287
LD.WATER_ST13.8,42.10158,-70.831497
LD.WATRSTUI13.8,41.301481,-72.921406
LD.WBSTR_ST13.8,42.243876,-71.832004
LD.WEARE   34.5,43.032503,-71.660148
UN.WEBSTER 34.5EAST,43.456,-71.6742
LD.WEBSTER 34.5,43.456,-71.674167
LD.WELFLEET23,41.947304,-70.01765
LD.WENDLDPT13.8,42.594875,-72.364583
LD.WESTBORO69,42.272994,-71.621295
UN.WESTBRK 18.0WE1A,43.656832,-70.376053
UN.WESTBRK 18.0WE1B,43.656832,-70.376053
LD.WESTFORD13.2,42.567119,-71.460915
LD.WESTON  27.6,41.189621,-73.371338
LD.WESTSIDE13.2,41.563195,-72.662498
UN.WHITEFLD34.5BETH,44.3793,-71.6084
UN.WHITEFLD34.5WFPL,44.3793,-71.6084
LD.WHITEFLD34.5,44.379273,-71.608382
UN.WHITE_LK34.5WHLA,43.848,-71.206
LD.WHITE_LK34.5,43.848,-71.206
LD.WHTNS_PD13.8,42.105627,-71.671264
UN.WILDER  13.8WILD,43.6685,-72.3037
LD.WILDER  13.8,43.668531,-72.303681
UN.WILLIAM 6.9 WILL,44.9592,-69.8711
LD.WILLIAMS13.2,41.36813,-72.103667
LD.WILMATC 4.8 1X3 LD,41.7129,-72.2289
LD.WILMATC 4.8 2X3 LD,41.7129,-72.2289
LD.WILMATC 27.61X2 LD,41.712902,-72.228902
LD.WILMATC 27.62X2 LD,41.712902,-72.228902
LD.WILTON  13.8,41.200178,-73.432271
LD.OTTER_RV69,42.684486,-72.080226
LD.WINDSOR 46,43.489898,-72.40852
LD.WINGLANE13.2,41.677387,-70.897082
UN.WINSLOW 34.5SHAW,44.5693,-69.6033
UN.WINSLOW 34.5UNAH,44.5693,-69.6033
LD.WINSLOW 34.5,44.569348,-69.60334
UN.WINSLOW 34.5LCKW,44.5693,-69.6033
LD.WNDSRLKS27.6,41.91895,-72.626394
LD.WNDSRLKS23,41.918949,-72.626396
LD.WOBURN  13.8,42.4628,-71.1538
LD.WOLF_HL 23,41.881516,-71.527004
LD.WOODCHUK13.2,42.673471,-71.057773
UN.WOODLAND23  WOOD,42.3361,-73.2352
LD.WOODLAND23,42.336115,-73.235237
LD.WOODMONT13.8,41.237162,-73.013352
LD.WOODSIDE69,42.330005,-71.630838
LD.WOODSTCK34.5,44.389283,-70.629399
UN.WOODSTCK34.5SPMT,44.38929,-70.6294
LD.WOOD_RV 34.5,41.427524,-71.704111
UN.WOOD_RV 34.5ABFS,41.427524,-71.704109
LD.WOONSCKT13.8,42.00046,-71.54252
LD.WSHNGTN 14.4,41.937191,-71.462089
LD.WYMAN_HY12.5,45.071448,-69.90279
UN.WYMAN_HY13.8WYM1,45.0714,-69.9028
UN.WYMAN_HY13.8WYM2,45.0714,-69.9028
UN.WYMAN_HY13.8WYM3,45.0714,-69.9028
LD.WYMNGRDN115,42.232966,-71.730096
LD.W_AMESBY23,42.833017,-70.972595
LD.W_AMESBY13.2,42.833017,-70.972595
LD.W_ANDOVR34.5T10 LD,42.685509,-71.188359
LD.W_ANDOVR34.5T20 LD,42.685509,-71.188359
LD.W_ANDOVR13.8T10 LD,42.6855,-71.1884
LD.W_ANDOVR13.8T20 LD,42.6855,-71.1884
LD.W_BOYLST13.8,42.360447,-71.775784
LD.W_BROKFD13.8,41.482585,-73.431271
UN.W_BUXTON34.5BONE,43.6659,-70.5966
LD.W_BUXTON34.5,43.665932,-70.596579
UN.W_BUXTON34.5HIRM,43.6659,-70.5966
UN.W_BUXTON34.5BONB,43.6659,-70.5966
AR.W_BUXTON34.5BONBD,43.6659,-70.5966
LD.W_CHRLTN13.2,42.137164,-72.027869
LD.W_CRNSTN12.5,41.756863,-71.521817
LD.W_FRMHAM13.8,42.298393,-71.481503
LD.W_HAMDEN69,42.0688,-72.4612
LD.W_HAMDEN13.2,42.0688,-72.4612
LD.W_KENNEB115,43.3638,-70.4673
UN.W_KNGSTN34.5BIW,41.472698,-71.574119
LD.W_KNGSTN34.5,41.472698,-71.57412
UN.W_MEDWAY13.8WMJ1,42.136586,-71.447523
UN.W_MEDWAY13.8WMJ2,42.136586,-71.447523
LD.W_METHUE23,42.728465,-71.201397
LD.W_POND  23,41.9275,-70.703
LD.W_SALEM 13.8,42.505043,-70.927305
LD.W_SALEM 23,42.505043,-70.927307
UN.W_SPRFLD13.8WSG1,42.0958,-72.5965
UN.W_SPRFLD13.8WSG2,42.0958,-72.5965
UN.W_SPRFLD13.8SPRF,42.0958,-72.5965
UN.W_SPRFLD13.8WS10,42.0958,-72.5965
LD.W_SPRFLD13.8,42.095792,-72.596539
UN.YARMOUTH13.8YAR3,43.7512,-70.1555
UN.YARMOUTH22  YAR4,43.7512,-70.1555
LD.YARMOUTH34.5,43.751242,-70.155516
UN.YARMOUTH6.9 CABB,43.751242,-70.155516
AR.YARMOUTH6.9 CABBD,43.751242,-70.155516
UN.TUTTLEHL34.5ANTW,43.074167,-72.005222
LD.RCKY_HL 13.8,42.15751,-71.488466
LD.COUNTYRD34.5,44.575832,-69.651062
UN.TAUNTON 13.8CL9C,41.8653,-71.1055
LD.TAUNTON 13.8,41.86527,-71.105522
LD.9DRAGONS115,44.549482,-70.540993
UN.9DRAGONS115 BOIS,44.5495,-70.541
LD.PWRCO_RD13.21T_LD,42.623919,-71.24649
LD.PWRCO_RD13.22T_LD,42.623919,-71.24649
LD.GREENWCH13.2,41.020964,-73.632979